"Id";"Designator";"Footprint";"Quantity";"Designation";"Supplier and ref";
1;"R2";"RESCAV80P320X160X70-8N";1;"180Ω";;;
2;"Q2,Q1";"SOT-23_ONS-L";2;"NPN_SOT23";;;
3;"C14,C17,C22,C9,C12,C18,C23,C11,C13,C21,C15";"CAPC2012X70";11;"0.1uF 50V";;;
4;"C3";"CAPC1608X90N";1;"1uF";;;
5;"J20";"PinHeader_1x01_P2.54mm_Vertical";1;"TP VSENSE_2";;;
6;"C1,C4";"CAP_CA0612_3P2X1P6_YAG";2;"0.1uF";;;
7;"J19,J18";"PinHeader_1x01_P2.54mm_Vertical";2;"TP PSU_EN_1";;;
8;"R4";"RESCAV80P320X160X70-8N";1;"1MΩ";;;
9;"JP1";"PinHeader_2x04_P2.54mm_Vertical";1;"Jumper_02x04_odd_Even_Single";;;
10;"U30,U28,U31,U29";"TO220AB_VIS";4;"P-MOSFET T0-220";;;
11;"J7";"TE_1985218";1;"Analog Out";;;
12;"J31,J25";"PinHeader_1x01_P2.54mm_Vertical";2;"TP DAC_B_OUT";;;
13;"U20";"MSOP10_UN_MCH";1;"MCP48FVB02T";;;
14;"J2";"TE_1985218";1;"RS-485 B";;;
15;"J30,J24";"PinHeader_1x01_P2.54mm_Vertical";2;"TP DAC_A_OUT";;;
16;"J11";"CUI_TB005-762-02BE";1;"PSU2+";;;
17;"D8,D10,D6,D4";"LED_LTST-C170GKT";4;"RX";;;
18;"J27";"PinHeader_1x01_P2.54mm_Vertical";1;"TP DAC_B_CONTROL";;;
19;"RN2,RN1,RN3";"RESCAXS50P200X100X55-8N";3;"1kΩ";;;
20;"U18";"ASSMANN_A-DS_09_A_KG-T2S";1;"RS-232 B";;;
21;"U8";"SOP65P640X120-24N";1;"TCA9555PWR";;;
22;"U13";"SOT-23_OT&slash_OTY_MCH";1;"MCP1501T-25E/CHY";;;
23;"R3";"RESCAV80P320X160X70-8N";1;"20kΩ";;;
24;"U2";"SOT230P700X165-4N";1;"LDI1117-05H";;;
25;"J16";"PinHeader_1x02_P2.54mm_Vertical";1;"Fact Reset";;;
26;"J22";"PinHeader_1x01_P2.54mm_Vertical";1;"TP ASENSE_1";;;
27;"U7";"DIP-18_STM";1;"ULN2803A";;;
28;"D2,D1";"SOD-523_0P9X1P3_ONS";2;"12V";;;
29;"J3";"CONN_1989803_PXC";1;"GPIO 5-8";;;
30;"R6,R9";"RESCAV80P320X160X70-8N";2;"100kΩ";;;
31;"D9,D3,D5,D7";"LED_LTST-C170GKT";4;"TX";;;
32;"C5";"CAP_CKCL22_TDK";1;"CKCL22JB1C105M085AB (1uF)";;;
33;"J13";"CUI_TB005-762-02BE";1;"+12V Power In";;;
34;"J10";"CUI_TB005-762-02BE";1;"PSU1 GND";;;
35;"J14";"CONN_1989803_PXC";1;"Analog In";;;
36;"J5";"CONN_1989803_PXC";1;"Relay 5-8";;;
37;"J26";"PinHeader_1x01_P2.54mm_Vertical";1;"TP DAC_A_CONTROL";;;
38;"R7,R5,R12";"RESCAV80P320X160X70-8N";3;"10kΩ";;;
39;"C10,C8";"CAPC3216X180N";2;"10uF 50V";;;
40;"C16";"CAPC2012X140N";1;"10uF 16V";;;
41;"U21";"SOIC8_ONS";1;"MC34072VDR2G";;;
42;"REF**,REF**";"DIN Rail Mount";2;"DIN Rail Mount";;;
43;"C7";"CAP_YX_8X11P5_RUB";1;"100uf 50V";;;
44;"CR2,CR3";"DIODE3_DESD1CAN2SOQ-7_DIO";2;"DMP3056L-7";;;
45;"U1";"WizNetPico_Elevated";1;"~";;;
46;"J6";"CONN_1989803_PXC";1;"GPIO 1-4";;;
47;"U11";"SOICN-8_ALM_MOD";1;"ACS711ELCTR";;;
48;"U9,U10";"SOIC14-N_MC_MCH";2;"mcp3428-e/sl";;;
49;"R10";"RESCAV80P320X160X70-8N";1;"47Ω";;;
50;"C19,C20";"CAPC1005X55N";2;"22pF 50V";;;
51;"R11";"RESCAV80P320X160X70-8N";1;"39kΩ";;;
52;"D13";"LED_LTST-C170GKT";1;"Fact Default";;;
53;"J28";"PinHeader_1x01_P2.54mm_Vertical";1;"TP DAC_A_FB";;;
54;"U6";"ASSMANN_A-DS_09_A_KG-T2S";1;"RS-232 A";;;
55;"D11";"LED_LTST-C170GKT";1;"PSU 1 Enabled";;;
56;"J12";"CUI_TB005-762-02BE";1;"PSU2 GND";;;
57;"J8";"PinHeader_1x04_P2.54mm_Vertical";1;"OLED";;;
58;"U4,U5";"SOIC8_4X5_INR";2;"ISL83488IBZ";;;
59;"U12";"SOICN-8_ALM_MOD";1;"ACS711ELCTR-12AB-T-MOD";;;
60;"R8";"RESCAV80P320X160X70-8N";1;"120Ω";;;
61;"CR1";"SO-8_STM";1;"M24C02-WMN6TP";;;
62;"CR4";"SO-16_STM";1;"ST3232BDR";;;
63;"J23";"PinHeader_1x01_P2.54mm_Vertical";1;"TP ASENSE_2";;;
64;"J1";"TE_1985218";1;"RS-485 A";;;
65;"J21";"PinHeader_1x01_P2.54mm_Vertical";1;"TP VSENSE_1";;;
66;"R13";"RESCAV80P320X160X70-8N";1;"10Ω";;;
67;"J17";"PinHeader_1x01_P2.54mm_Vertical";1;"TP 2.5V";;;
68;"J4";"CONN_1989803_PXC";1;"Relay 1-4";;;
69;"J29";"PinHeader_1x01_P2.54mm_Vertical";1;"TP DAC_B_FB";;;
70;"J9";"CUI_TB005-762-02BE";1;"PSU1+";;;
71;"R1";"RESCAV80P320X160X70-8N";1;"10MΩ";;;
72;"D12";"LED_LTST-C170GKT";1;"PSU 2 Enabled";;;
